ano,mes,hom_doloso,lesao_corp_morte,latrocinio,cvli,hom_por_interv_policial,letalidade_violenta,tentat_hom,lesao_corp_dolosa,estupro,hom_culposo,lesao_corp_culposa,roubo_transeunte,roubo_celular,roubo_em_coletivo,roubo_rua,roubo_veiculo,roubo_carga,roubo_comercio,roubo_residencia,roubo_banco,roubo_cx_eletronico,roubo_conducao_saque,roubo_apos_saque,roubo_bicicleta,outros_roubos,total_roubos,furto_veiculos,furto_transeunte,furto_coletivo,furto_celular,furto_bicicleta,outros_furtos,total_furtos,sequestro,extorsao,sequestro_relampago,estelionato,apreensao_drogas,posse_drogas,trafico_drogas,apreensao_drogas_sem_autor,recuperacao_veiculos,apf,aaapai,cmp,cmba,ameaca,pessoas_desaparecidas,encontro_cadaver,encontro_ossada,pol_militares_mortos_serv,pol_civis_mortos_serv,registro_ocorrencias,fase
1991,1,657,,15,,,672,162,3051,,,,967,,381,1348,1174,63,350,188,37,,,,,158,3318,2009,1147,,,,3561,6717,,,,,133,,,,872,,,,,,,217,,,,,3
1991,2,732,,17,,,749,175,3421,,,,963,,432,1395,1097,64,357,171,35,,,,,142,3261,1850,1066,,,,3309,6225,,,,,127,,,,751,,,,,,,209,,,,,3
1991,3,713,,25,,,738,216,3613,,,,963,,422,1385,1265,71,443,191,43,,,,,131,3529,2084,1062,,,,3573,6719,,,,,80,,,,789,,,,,,,188,,,,,3
1991,4,634,,20,,,654,200,3211,,,,1186,,354,1540,1415,81,425,199,36,,,,,112,3808,2085,1195,,,,3290,6570,,,,,133,,,,787,,,,,,,140,,,,,3
1991,5,650,,20,,,670,146,3051,,,,931,,335,1266,1449,82,553,231,27,,,,,147,3755,2185,723,,,,3546,6454,,,,,163,,,,845,,,,,,,78,,,,,3
1991,6,647,,14,,,661,201,2977,,,,831,,342,1173,1354,82,518,178,37,,,,,81,3423,1992,673,,,,3519,6184,,,,,157,,,,802,,,,,,,111,,,,,3
1991,7,558,,14,,,572,201,2784,,,,797,,308,1105,1365,82,496,186,25,,,,,94,3353,1978,700,,,,3604,6282,,,,,203,,,,870,,,,,,,126,,,,,3
1991,8,557,,11,,,568,209,3134,,,,813,,299,1112,1347,71,498,189,29,,,,,88,3334,1835,794,,,,3641,6270,,,,,215,,,,809,,,,,,,79,,,,,3
1991,9,542,,19,,,561,146,3026,,,,805,,281,1086,1353,91,473,199,12,,,,,90,3304,1993,810,,,,3460,6263,,,,,179,,,,756,,,,,,,71,,,,,3
1991,10,613,,21,,,634,200,3482,,,,834,,328,1162,1470,83,561,228,16,,,,,107,3627,1999,862,,,,3621,6482,,,,,184,,,,818,,,,,,,95,,,,,3
1991,11,577,,13,,,590,192,3300,,,,978,,409,1387,1600,94,569,239,26,,,,,97,4012,2039,884,,,,3601,6524,,,,,170,,,,886,,,,,,,50,,,,,3
1991,12,638,,16,,,654,202,4003,,,,1022,,358,1380,1563,157,563,242,24,,,,,131,4060,1930,1028,,,,3563,6521,,,,,122,,,,905,,,,,,,95,,,,,3
1992,1,617,,19,,,636,176,3155,,,,962,,373,1335,1801,172,579,271,12,,,,,126,4296,2357,969,,,,3987,7313,,,,,189,,,,984,,,,,,,90,,,,,3
1992,2,691,,27,,,718,184,3413,,,,967,,426,1393,1877,200,613,300,28,,,,,139,4550,2236,937,,,,3713,6886,,,,,154,,,,917,,,,,,,90,,,,,3
1992,3,767,,12,,,779,181,3732,,,,1069,,426,1495,1825,172,559,250,27,,,,,82,4410,2241,939,,,,3983,7163,,,,,179,,,,951,,,,,,,72,,,,,3
1992,4,648,,29,,,677,172,3293,,,,1050,,438,1488,2090,182,544,268,13,,,,,119,4704,2199,875,,,,3841,6915,,,,,138,,,,969,,,,,,,66,,,,,3
1992,5,639,,28,,,667,196,3042,,,,940,,439,1379,2194,143,523,276,16,,,,,126,4657,2422,849,,,,3789,7060,,,,,149,,,,1042,,,,,,,56,,,,,3
1992,6,583,,26,,,609,145,3013,,,,901,,417,1318,2220,171,444,237,10,,,,,93,4493,2340,819,,,,3594,6753,,,,,158,,,,933,,,,,,,61,,,,,3
1992,7,541,,36,,,577,130,2881,,,,810,,384,1194,2167,151,412,214,19,,,,,107,4264,2415,787,,,,3672,6874,,,,,188,,,,951,,,,,,,67,,,,,3
1992,8,616,,27,,,643,128,3034,,,,850,,397,1247,1959,134,375,249,15,,,,,114,4093,2288,818,,,,3686,6792,,,,,186,,,,900,,,,,,,53,,,,,3
1992,9,560,,19,,,579,135,2897,,,,808,,370,1178,2165,168,340,255,13,,,,,112,4231,2315,839,,,,3487,6641,,,,,191,,,,940,,,,,,,63,,,,,3
1992,10,638,,24,,,662,160,3337,,,,827,,406,1233,2322,135,361,258,25,,,,,121,4455,2452,875,,,,3593,6920,,,,,162,,,,934,,,,,,,66,,,,,3
1992,11,658,,19,,,677,149,3190,,,,807,,377,1184,2050,122,365,247,26,,,,,107,4101,2355,764,,,,3586,6705,,,,,175,,,,910,,,,,,,69,,,,,3
1992,12,677,,22,,,699,154,3502,,,,823,,357,1180,1832,186,351,255,23,,,,,91,3918,1999,931,,,,3694,6624,,,,,174,,,,815,,,,,,,96,,,,,3
1993,1,597,,13,,,610,139,3411,,,,688,,410,1098,2048,133,299,233,20,,,,,104,3935,2341,761,,,,3791,6893,,,,,175,,,,855,,,,,,,85,,,,,3
1993,2,651,,17,,,668,171,3449,,,,752,,348,1100,1897,135,279,220,20,,,,,111,3762,2127,671,,,,3461,6259,,,,,160,,,,731,,,,,,,85,,,,,3
1993,3,755,,18,,,773,169,3434,,,,735,,450,1185,2289,146,337,218,13,,,,,161,4349,2458,636,,,,3809,6903,,,,,164,,,,869,,,,,,,76,,,,,3
1993,4,721,,23,,,744,156,3246,,,,829,,395,1224,1994,139,294,216,25,,,,,142,4034,2088,561,,,,3618,6267,,,,,139,,,,947,,,,,,,61,,,,,3
1993,5,665,,24,,,689,152,3251,,,,755,,447,1202,2008,117,350,193,17,,,,,133,4020,2287,517,,,,3604,6408,,,,,160,,,,956,,,,,,,55,,,,,3
1993,6,624,,24,,,648,127,2466,,,,749,,391,1140,1988,114,310,214,17,,,,,127,3910,2199,569,,,,3389,6157,,,,,138,,,,992,,,,,,,60,,,,,3
1993,7,657,,20,,,677,142,3016,,,,818,,355,1173,2029,138,290,199,14,,,,,118,3961,2272,662,,,,3480,6414,,,,,156,,,,1018,,,,,,,45,,,,,3
1993,8,617,,22,,,639,136,2888,,,,899,,351,1250,2097,143,247,205,15,,,,,124,4081,2273,660,,,,3475,6408,,,,,108,,,,952,,,,,,,59,,,,,3
1993,9,572,,19,,,591,122,2566,,,,787,,362,1149,2058,143,297,217,14,,,,,98,3976,2354,580,,,,3349,6283,,,,,126,,,,1007,,,,,,,47,,,,,3
1993,10,634,,29,,,663,159,3223,,,,903,,412,1315,2228,142,282,249,28,,,,,119,4363,2393,601,,,,3518,6512,,,,,154,,,,1088,,,,,,,52,,,,,3
1993,11,609,,31,,,640,139,3198,,,,958,,423,1381,2181,166,328,220,25,,,,,127,4428,2173,612,,,,3390,6175,,,,,134,,,,1139,,,,,,,71,,,,,3
1993,12,618,,25,,,643,129,3485,,,,907,,378,1285,1973,185,326,221,17,,,,,123,4130,1932,658,,,,3399,5989,,,,,135,,,,1065,,,,,,,96,,,,,3
1994,1,671,,19,,,690,159,3120,,,,912,,352,1264,2010,94,304,216,18,,,,,136,4042,2286,538,,,,3407,6231,,,,,133,,,,1055,,,,,,,56,,,,,3
1994,2,704,,20,,,724,129,3407,,,,842,,371,1213,2033,96,316,184,18,,,,,114,3974,1862,605,,,,3021,5488,,,,,121,,,,1111,,,,,,,89,,,,,3
1994,3,740,,22,,,762,132,2909,,,,1041,,449,1490,2725,101,358,249,26,,,,,166,5115,2630,629,,,,3242,6501,,,,,130,,,,1303,,,,,,,64,,,,,3
1994,4,737,,20,,,757,137,2752,,,,980,,448,1428,2497,112,377,200,20,,,,,170,4804,2394,521,,,,3122,6037,,,,,127,,,,1218,,,,,,,71,,,,,3
1994,5,621,,24,,,645,122,2839,,,,981,,481,1462,2589,139,371,225,22,,,,,180,4988,2548,488,,,,3221,6257,,,,,169,,,,1410,,,,,,,66,,,,,3
1994,6,682,,16,,,698,160,2549,,,,977,,356,1333,2560,112,324,198,10,,,,,126,4663,2409,502,,,,2960,5871,,,,,152,,,,1450,,,,,,,66,,,,,3
1994,7,681,,24,,,705,137,2731,,,,912,,374,1286,2360,140,279,179,17,,,,,118,4379,2497,521,,,,2925,5943,,,,,168,,,,1456,,,,,,,73,,,,,3
1994,8,610,,18,,,628,134,2350,,,,1174,,426,1600,2196,108,914,196,19,,,,,170,5203,2281,1013,,,,3510,6804,,,,,166,,,,1312,,,,,,,71,,,,,3
1994,9,694,,12,,,706,138,2887,,,,849,,427,1276,2170,92,278,157,36,,,,,127,4136,1841,549,,,,2710,5100,,,,,179,,,,1369,,,,,,,80,,,,,3
1994,10,761,,8,,,769,177,3122,,,,897,,331,1228,2361,102,302,144,44,,,,,111,4292,2068,475,,,,2719,5262,,,,,152,,,,1483,,,,,,,83,,,,,3
1994,11,681,,19,,,700,145,3481,,,,1043,,338,1381,1957,101,287,160,38,,,,,127,4051,1736,505,,,,2794,5035,,,,,190,,,,1383,,,,,,,96,,,,,3
1994,12,826,,21,,,847,196,3550,,,,1045,,406,1451,2012,189,293,165,42,,,,,159,4311,1679,571,,,,2712,4962,,,,,143,,,,1480,,,,,,,98,,,,,3
1995,1,831,,17,,,848,166,3626,,,,1056,,377,1433,2060,188,323,174,38,,,,,134,4350,1924,520,,,,2941,5385,,,,,147,,,,1435,,,,,,,98,,,,,3
1995,2,814,,16,,,830,179,3286,,,,981,,350,1331,1876,118,294,144,32,,,,,152,3947,1737,465,,,,2519,4721,,,,,194,,,,1293,,,,,,,78,,,,,3
1995,3,756,,17,,,773,168,3258,,,,976,,413,1389,2271,160,352,159,26,,,,,190,4547,2135,457,,,,2889,5481,,,,,181,,,,1491,,,,,,,69,,,,,3
1995,4,788,,20,,,808,170,3028,,,,1033,,426,1459,2293,86,315,150,37,,,,,176,4516,1842,440,,,,2556,4838,,,,,230,,,,1496,,,,,,,93,,,,,3
1995,5,784,,19,,,803,149,2864,,,,1021,,415,1436,2178,101,322,158,26,,,,,169,4390,1843,441,,,,2815,5099,,,,,192,,,,1615,,,,,,,89,,,,,3
1995,6,673,,20,,,693,141,2786,,,,883,,442,1325,2061,94,298,132,31,,,,,174,4115,1951,463,,,,2606,5020,,,,,246,,,,1580,,,,,,,97,,,,,3
1995,7,702,,12,,,714,190,3266,,,,904,,416,1320,2010,74,343,157,43,,,,,159,4106,1927,514,,,,2614,5055,,,,,326,,,,1557,,,,,,,101,,,,,3
1995,8,664,,12,,,676,187,3256,,,,963,,445,1408,2007,68,367,124,49,,,,,182,4205,1817,622,,,,2697,5136,,,,,446,,,,1626,,,,,,,116,,,,,3
1995,9,623,,19,,,642,165,3178,,,,936,,498,1434,1906,62,299,97,29,,,,,154,3981,1736,560,,,,2523,4819,,,,,355,,,,1495,,,,,,,70,,,,,3
1995,10,565,,18,,,583,160,3207,,,,867,,486,1353,1806,59,361,122,37,,,,,147,3885,1819,622,,,,2512,4953,,,,,395,,,,1459,,,,,,,108,,,,,3
1995,11,603,,17,,,620,129,3180,,,,871,,456,1327,1699,98,288,130,54,,,,,149,3745,1622,595,,,,2474,4691,,,,,418,,,,1342,,,,,,,110,,,,,3
1995,12,635,,13,,,648,140,3534,,,,890,,402,1292,1509,90,324,78,38,,,,,153,3484,1575,715,,,,2498,4788,,,,,378,,,,1233,,,,,,,104,,,,,3
1996,1,621,,10,,,631,173,3680,,,,986,,413,1399,1569,196,243,96,26,,,,,194,3723,1731,622,,,,2773,5126,,,,,416,,,,1015,,,,,,,156,,,,,3
1996,2,601,,17,,,618,146,3389,,,,1002,,436,1438,1555,216,274,67,31,,,,,162,3743,1526,787,,,,2538,4851,,,,,362,,,,901,,,,,,,71,,,,,3
1996,3,706,,14,,,720,200,3428,,,,994,,480,1474,1890,265,315,84,30,,,,,243,4301,1829,799,,,,2623,5251,,,,,474,,,,1109,,,,,,,111,,,,,3
1996,4,578,,14,,,592,139,3304,,,,1006,,530,1536,1741,250,433,120,47,,,,,207,4334,1720,788,,,,2618,5126,,,,,492,,,,1025,,,,,,,82,,,,,3
1996,5,556,,16,,,572,162,3228,,,,1025,,567,1592,1652,244,335,84,24,,,,,196,4127,1777,855,,,,2584,5216,,,,,561,,,,1118,,,,,,,77,,,,,3
1996,6,596,,18,,,614,157,3310,,,,958,,507,1465,1506,237,294,77,22,,,,,173,3774,1586,813,,,,2322,4721,,,,,506,,,,951,,,,,,,64,,,,,3
1996,7,624,,14,,,638,162,3182,,,,1073,,485,1558,1507,254,278,87,18,,,,,148,3850,1825,1013,,,,2464,5302,,,,,602,,,,983,,,,,,,74,,,,,3
1996,8,601,,20,,,621,152,3499,,,,1048,,449,1497,1479,251,260,115,17,,,,,180,3799,1723,926,,,,2487,5136,,,,,656,,,,894,,,,,,,89,,,,,3
1996,9,571,,11,,,582,170,3170,,,,1024,,383,1407,1312,250,298,103,18,,,,,170,3558,1637,833,,,,2467,4937,,,,,585,,,,790,,,,,,,76,,,,,3
1996,10,621,,6,,,627,189,3687,,,,1078,,415,1493,1394,272,278,106,20,,,,,234,3797,1715,751,,,,2776,5242,,,,,691,,,,877,,,,,,,74,,,,,3
1996,11,557,,14,,,571,182,3544,,,,1012,,366,1378,1412,249,287,94,16,,,,,226,3662,1504,695,,,,2717,4916,,,,,713,,,,759,,,,,,,92,,,,,3
1996,12,627,,12,,,639,186,3759,,,,1105,,449,1554,1350,319,315,87,19,,,,,195,3839,1553,902,,,,2799,5254,,,,,673,,,,729,,,,,,,111,,,,,3
1997,1,569,,10,,,579,170,3812,,,,1269,,501,1770,1442,256,277,97,22,,,,,265,4129,1772,830,,,,3005,5607,,,,,737,,,,810,,,,,,,59,,,,,3
1997,2,649,,11,,,660,158,3676,,,,1162,,522,1684,1360,198,277,84,14,,,,,228,3845,1564,969,,,,2818,5351,,,,,836,,,,729,,,,,,,92,,,,,3
1997,3,624,,8,,,632,161,3840,,,,1212,,501,1713,1634,227,326,111,9,,,,,294,4314,1901,870,,,,2949,5720,,,,,897,,,,884,,,,,,,73,,,,,3
1997,4,530,,14,,,544,177,3670,,,,1374,,621,1995,1776,246,337,82,15,,,,,295,4746,1845,1098,,,,3016,5959,,,,,778,,,,1004,,,,,,,66,,,,,3
1997,5,586,,11,,,597,188,3599,,,,1461,,633,2094,1736,276,418,89,7,,,,,277,4897,1865,1178,,,,3103,6146,,,,,811,,,,961,,,,,,,67,,,,,3
1997,6,640,,16,,,656,181,3512,,,,1349,,543,1892,1641,259,370,79,17,,,,,287,4545,1769,1031,,,,2871,5671,,,,,704,,,,998,,,,,,,57,,,,,3
1997,7,541,,10,,,551,190,3155,,,,872,,533,1405,1687,186,325,73,16,,,,,1062,4754,2001,621,,,,3500,6122,,,,,242,,,,823,,,,,,,0,,,,,3
1997,8,544,,6,,,550,184,3232,,,,895,,612,1507,1667,257,295,79,17,,,,,1063,4885,1948,689,,,,3925,6562,,,,,273,,,,829,,,,,,,0,,,,,3
1997,9,601,,7,,,608,238,3528,,,,952,,579,1531,1692,308,294,70,7,,,,,1059,4961,1923,527,,,,3728,6178,,,,,252,,,,846,,,,,,,0,,,,,3
1997,10,573,,2,,,575,236,3805,,,,1080,,602,1682,1763,310,331,90,13,,,,,815,5004,1819,706,,,,3845,6370,,,,,320,,,,956,,,,,,,0,,,,,3
1997,11,529,,11,,,540,235,4084,,,,951,,427,1378,1696,275,308,82,6,,,,,985,4730,1845,501,,,,3727,6073,,,,,275,,,,931,,,,,,,0,,,,,3
1997,12,537,,11,,,548,237,4360,,,,935,,500,1435,1482,265,321,64,13,,,,,1101,4681,1582,609,,,,3847,6038,,,,,263,,,,859,,,,,,,0,,,,,3
1998,1,577,,14,,18,609,236,5377,,323,,1100,,614,1714,1799,320,380,72,11,,,,,1031,5327,1754,705,,,,4355,6814,,,,,991,,,,968,,,,,,,13,,,,,3
1998,2,519,,7,,23,549,241,4714,,259,,1015,,564,1579,1582,255,330,74,11,,,,,1088,4919,1575,623,,,,3779,5977,,,,,1102,,,,912,,,,,,,45,,,,,3
1998,3,606,,11,,35,652,204,5216,,312,,1054,,610,1664,1762,309,394,59,19,,,,,1191,5398,1889,564,,,,4582,7035,,,,,1004,,,,1029,,,,,,,110,,,,,3
1998,4,518,,10,,41,569,207,4484,,373,,911,,597,1508,1750,220,350,67,18,,,,,1297,5210,1869,513,,,,4021,6403,,,,,1056,,,,1009,,,,,,,51,,,,,3
1998,5,489,,12,,41,542,211,3883,,350,,795,,558,1353,1768,246,305,93,10,,,,,1284,5059,1981,322,,,,3963,6266,,,,,1240,,,,1000,,,,,,,30,,,,,3
1998,6,396,,5,,38,439,171,4016,,321,,759,,489,1248,1609,240,319,62,15,,,,,1171,4664,1804,422,,,,3631,5857,,,,,1282,,,,942,,,,,,,26,,,,,3
1998,7,447,,13,,24,484,169,4187,,327,,879,,594,1473,1966,256,332,79,10,,,,,1217,5333,1989,415,,,,4122,6526,,,,,1265,,,,1109,,,,,,,62,,,,,3
1998,8,433,,9,,32,474,188,4582,,362,,878,,518,1396,1857,189,315,78,14,,,,,1309,5158,1752,484,,,,4048,6284,,,,,1271,,,,1072,,,,,,,25,,,,,3
1998,9,433,,8,,32,473,185,4569,,342,,831,,590,1421,1691,147,303,81,7,,,,,1436,5086,1646,428,,,,4079,6153,,,,,1272,,,,941,,,,,,,29,,,,,3
1998,10,458,,9,,32,499,202,4762,,328,,787,,512,1299,1938,83,296,69,7,,,,,1711,5403,1745,381,,,,4330,6456,,,,,1098,,,,1064,,,,,,,45,,,,,3
1998,11,385,,22,,29,436,207,4673,,418,,722,,576,1298,1885,115,331,74,9,,,,,1638,5350,1676,347,,,,4016,6039,,,,,952,,,,1074,,,,,,,19,,,,,3
1998,12,465,,9,,10,484,197,5331,,393,,827,,515,1342,1912,125,309,88,9,,,,,1676,5461,1629,483,,,,4465,6577,,,,,844,,,,1041,,,,,,,7,,,,,3
1999,1,530,4,4,538,29,567,231,5351,,345,3410,877,,544,1421,2241,99,368,82,4,,,,,1457,5672,1899,499,,,,4198,6596,0,,,,800,,,,1012,,,,,3021,,112,,,,32209,3
1999,2,508,7,14,529,25,554,229,5289,,349,2943,890,,577,1467,2019,101,347,97,16,,,,,1530,5577,1603,431,,,,4217,6251,0,,,,632,,,,961,,,,,2951,,99,,,,30621,3
1999,3,451,13,12,476,25,501,222,5463,,328,3071,900,,633,1533,2652,121,421,108,20,,,,,1883,6738,1999,381,,,,4576,6956,0,,,,763,,,,1437,,,,,3383,,67,,,,35094,3
1999,4,510,6,14,530,15,545,205,4936,,304,3232,897,,713,1610,2535,103,443,98,13,,,,,1635,6437,1841,347,,,,4498,6686,0,,,,732,,,,1348,,,,,3016,,67,,,,32577,3
1999,5,533,6,8,547,33,580,209,4664,,356,3511,1067,,699,1766,2684,78,443,114,15,,,,,1590,6690,1866,384,,,,4721,6971,0,,,,771,,,,1426,,,,,2930,,81,,,,33588,3
1999,6,494,4,4,502,20,522,186,4994,,355,3152,987,,670,1657,2798,87,459,122,19,,,,,1620,6762,1814,387,,,,4677,6878,0,,,,733,,,,1443,,,,,3056,,75,,,,32885,3
1999,7,463,10,10,483,13,496,208,4650,,344,3293,1085,,668,1753,2874,72,441,135,8,,,,,1577,6860,1739,436,,,,4589,6764,0,,,,754,,,,1627,,,,,3094,,88,,,,34052,3
1999,8,555,21,27,603,18,621,165,4789,,284,2893,1114,,645,1759,2580,90,479,126,12,,,,,1507,6553,1637,432,,,,4299,6368,0,,,,679,,,,1445,,,,,3073,,91,,,,32684,3
1999,9,448,10,19,477,25,502,172,5219,,310,3086,1207,,687,1894,2460,73,414,91,5,,,,,1452,6389,1555,404,,,,4187,6146,0,,,,682,,,,1454,,,,,3301,,71,,,,32756,3
1999,10,447,7,15,469,21,490,204,5474,,282,3204,1314,,639,1953,2550,80,454,113,8,,,,,1380,6538,1615,485,,,,4452,6552,0,,,,790,,,,1380,,,,,3428,,76,,,,33646,3
1999,11,471,6,11,488,39,527,212,5105,,267,3099,1209,,592,1801,2136,72,405,118,3,,,,,1467,6002,1538,513,,,,4721,6772,0,,,,815,,,,1196,,,,,3553,,75,,,,32548,3
1999,12,478,11,8,497,26,523,250,6087,,449,3677,1346,,586,1932,2137,95,389,117,6,,,,,1629,6305,1417,690,,,,4960,7067,0,,,,753,,,,1082,,,,,3532,,99,,,,34179,3
2000,1,547,11,13,571,37,608,190,6254,,264,6254,1278,0,633,1911,2165,245,373,129,10,,,,,1450,6283,1610,588,,,,4862,7060,1,,,,758,,,,1188,,,,,3334,,71,,,,33870,3
2000,2,500,6,11,517,32,549,202,5983,,252,5983,1572,0,795,2367,2257,293,369,109,19,,,,,1268,6682,1466,623,,,,4992,7081,0,,,,765,,,,1695,,,,,4143,,79,,,,36131,3
2000,3,572,12,12,596,25,621,241,5891,,202,5891,1467,0,809,2276,2503,274,391,149,8,,,,,1379,6980,1483,747,,,,5394,7624,0,,,,894,,,,1952,,,,,4033,,99,,,,37426,3
2000,4,546,7,19,572,22,594,208,5594,,192,5594,1370,0,776,2146,2749,303,428,105,14,,,,,1379,7124,1410,639,,,,4885,6934,1,,,,838,,,,2106,,,,,3896,,96,,,,35786,3
2000,5,577,7,13,597,30,627,193,5466,,248,5466,1607,0,819,2426,2757,327,438,94,14,,,,,1419,7475,1557,645,,,,5231,7433,0,,,,715,,,,2189,,,,,3822,,82,,,,37301,3
2000,6,545,6,28,579,26,605,202,5188,,217,5188,1742,0,807,2549,2289,324,508,115,18,,,,,1065,6868,1497,847,,,,4744,7088,1,,,,783,,,,1907,,,,,3688,,115,,,,35201,3
2000,7,448,5,16,469,32,501,186,5190,,234,5190,1751,0,662,2413,2283,278,515,126,17,,,,,1084,6716,1423,754,,,,4726,6903,0,,,,815,,,,1896,,,,,3803,,65,,,,34894,3
2000,8,500,4,16,520,50,570,234,5660,,219,5660,1856,1,698,2555,2248,253,477,134,10,,,,,1205,6882,1464,854,,,,5232,7550,0,,,,973,,,,1916,,,,,4482,,77,,,,37087,3
2000,9,472,3,19,494,43,537,196,5607,,199,5607,1916,0,611,2527,2118,255,484,111,17,,,,,1112,6624,1437,914,,,,4951,7302,0,,,,884,,,,1834,,,,,4233,,83,,,,35060,3
2000,10,550,8,12,570,46,616,279,6653,,225,6653,1935,0,697,2632,2043,252,472,129,17,,,,,1238,6783,1539,975,,,,4952,7466,1,,,,897,,,,1745,,,,,5107,,80,,,,37393,3
2000,11,495,6,16,517,47,564,260,5827,,205,5827,1432,779,502,2713,2119,271,440,100,13,,,,,1434,7090,1512,778,,,,5236,7526,1,,,,1066,,,,1724,,,,,4332,,96,,,,35435,3
2000,12,535,4,25,564,37,601,250,6484,,221,6484,1293,1340,496,3129,2197,316,469,108,11,,,,,1505,7735,1362,935,,,,6094,8391,0,,,,871,,,,1764,,,,,4343,,107,,,,36886,3
2001,1,543,5,17,565,43,608,299,6582,,240,3416,1059,1388,440,2887,2209,264,421,116,12,,,,,1818,7727,1487,863,,,,6677,9027,0,,,,923,,,,1738,,,,,4714,,99,,,,37342,3
2001,2,547,6,18,571,52,623,295,6393,,233,3576,1106,1223,466,2795,2138,212,438,111,14,,,,,1896,7604,1426,612,,,,5869,7907,0,,,,984,,,,1667,,,,,4338,,92,,,,35666,3
2001,3,573,7,23,603,57,660,278,6611,,221,3277,1120,1405,586,3111,2589,292,520,132,10,,,,,1963,8617,1630,533,,,,6536,8699,1,,,,940,,,,2001,,,,,5226,,114,,,,39243,3
2001,4,526,8,29,563,53,616,278,6483,,266,3720,1084,1339,570,2993,2305,281,523,131,15,,,,,1853,8101,1481,519,,,,6083,8083,0,,,,859,,,,1988,,,,,4971,,130,,,,37865,3
2001,5,519,6,31,556,45,601,254,5609,,287,3632,1071,1398,630,3099,2234,283,518,109,14,,,,,1869,8126,1522,539,,,,6136,8197,0,,,,940,,,,2028,,,,,4642,,102,,,,37289,3
2001,6,443,8,25,476,50,526,258,5559,,241,3384,1049,1316,467,2832,2205,273,500,130,11,,,,,1812,7763,1482,574,,,,5643,7699,2,,,,929,,,,1856,,,,,4659,,80,,,,35618,3
2001,7,430,3,7,440,42,482,224,5464,,269,3600,1206,1231,355,2792,2053,264,521,92,13,,,,,1647,7382,1535,777,,,,5502,7814,0,,,,1105,,,,1865,,,,,4565,,65,,,,36187,3
2001,8,477,8,20,505,48,553,242,5671,,253,3590,1328,1320,326,2974,2387,284,565,86,18,,,,,1885,8199,1554,797,,,,5629,7980,2,,,,1354,,,,2143,,,,,4835,,70,,,,39287,3
2001,9,495,4,17,516,50,566,255,5779,,231,3642,1308,1315,315,2938,2483,270,596,149,9,,,,,1962,8407,1470,753,,,,5501,7724,1,,,,1217,,,,2020,,,,,4895,,98,,,,37415,3
2001,10,547,10,21,578,57,635,264,6118,,218,3658,1379,1456,339,3174,2463,272,714,141,15,,,,,2059,8838,1591,796,,,,5945,8332,0,,,,1275,,,,2200,,,,,5437,,100,,,,40485,3
2001,11,548,9,25,582,43,625,263,5969,,224,3335,1370,1345,365,3080,2522,281,600,108,20,,,,,2025,8636,1476,733,,,,5776,7985,2,,,,1060,,,,2191,,,,,4852,,91,,,,38515,3
2001,12,515,9,12,536,52,588,276,6400,,257,3867,1418,1201,316,2935,2511,347,584,120,13,,,,,2063,8573,1543,943,,,,5935,8421,1,,,,1006,,,,2077,,,,,4989,,88,,,,38665,3
2002,1,536,7,13,556,86,642,285,6158,,185,3358,1316,1297,322,2935,2774,336,529,124,17,,,,,2275,8990,1785,797,,,,6433,9015,2,,,,1040,,,,2396,,,,,5370,396,95,4,,,39833,3
2002,2,533,0,8,541,57,598,267,5584,,213,3160,1324,1345,311,2980,2611,297,537,111,11,,,,,2336,8883,1578,741,,,,5869,8188,1,,,,988,,,,2336,,,,,4819,361,107,1,,,37020,3
2002,3,614,7,20,641,63,704,361,6554,,230,3769,1578,1422,465,3465,3262,413,682,134,9,,,,,2812,10777,1781,778,,,,6513,9072,0,,,,966,,,,2638,,,,,5326,416,123,4,,,42741,3
2002,4,668,7,24,699,70,769,311,6367,,222,3585,1722,1369,508,3599,3490,459,669,165,14,,,,,2954,11350,1839,842,,,,6364,9045,2,,,,879,,,,3046,,,,,5652,409,87,2,,,43805,3
2002,5,667,6,22,695,75,770,372,6296,,205,3466,1616,1324,482,3422,3210,412,638,166,13,,,,,2632,10493,1806,863,,,,6275,8944,4,,,,914,,,,3009,,,,,5697,419,116,5,,,43388,3
2002,6,552,7,15,574,58,632,325,6133,,203,3481,1472,913,404,2789,2538,251,530,135,8,,,,,2089,8340,1550,808,,,,5594,7952,2,,,,941,,,,2334,,,,,5004,376,99,8,,,38595,3
2002,7,528,1,11,540,73,613,326,5426,,216,3288,1535,943,393,2871,2682,293,568,130,12,,,,,2337,8893,1621,827,,,,6062,8510,2,,,,1099,,,,2556,,,,,4998,428,130,6,,,40149,3
2002,8,493,9,12,514,99,613,363,6512,,204,3828,1683,1005,426,3114,2509,317,583,140,4,,,,,2255,8922,1630,893,,,,6420,8943,2,,,,1247,,,,2336,,,,,5763,430,118,7,,,42695,3
2002,9,540,6,17,563,75,638,305,5748,,232,3683,1528,958,422,2908,2478,296,546,154,10,,,,,2090,8482,1753,814,,,,6212,8779,4,,,,1137,,,,2391,,,,,5296,427,121,2,,,40036,3
2002,10,577,3,17,597,73,670,354,7387,,224,3936,1754,1060,507,3321,2827,353,540,140,5,,,,,2486,9672,1733,933,,,,6731,9397,2,,,,1261,,,,2595,,,,,6525,444,110,8,,,45692,3
2002,11,545,4,22,571,105,676,356,6676,,184,3753,1730,953,436,3119,2953,366,572,169,13,,,,,2486,9678,1875,857,,,,6708,9440,1,,,,1121,,,,2659,,,,,5984,438,129,5,,,43619,3
2002,12,632,8,12,652,66,718,387,7273,,222,4014,1795,883,499,3177,3098,482,687,183,8,,,,,2605,10240,1769,1052,,,,7152,9973,2,,,,1044,,,,2649,,,,,5797,437,148,4,,,44760,3
2003,1,589,6,20,615,90,705,365,6896,245,163,3097,1427,966,658,3051,3236,357,589,172,5,1,18,210,,2657,10296,1940,983,49,760,,6751,10483,2,23,0,885,1003,,,,2725,,,,,6127,409,144,3,3,2,44793,3
2003,2,583,4,12,599,111,710,361,7099,221,188,3207,1532,963,691,3186,3169,443,720,170,12,0,20,234,,2680,10634,1732,858,53,648,,7044,10335,3,29,0,802,1159,,,,2678,,,,,6047,425,186,5,2,0,45403,3
2003,3,613,5,16,634,113,747,332,6968,236,188,2993,1537,982,683,3202,2923,310,640,178,8,1,33,189,,2492,9976,1833,943,55,647,,7498,10976,0,30,0,821,1133,,,,2670,,,,,5793,462,156,7,7,1,45417,3
2003,4,585,11,14,610,125,735,297,6441,215,207,3083,1529,1007,624,3160,2966,303,702,169,10,0,37,232,,2643,10222,1694,780,57,540,,7338,10409,3,41,0,819,1061,,,,2703,,,,,5626,346,120,4,4,1,44184,3
2003,5,599,6,20,625,96,721,381,5843,189,228,3282,1558,1072,663,3293,3167,345,712,188,3,1,26,273,,2867,10875,1805,812,57,554,,7186,10414,2,57,0,874,1019,,,,2960,,,,,5436,417,147,4,4,1,45572,3
2003,6,546,2,14,562,86,648,316,6301,198,236,3239,1426,963,540,2929,2686,312,643,140,4,0,31,246,,2487,9478,1535,786,36,484,,6362,9203,1,59,0,859,1124,,,,2467,,,,,5666,386,138,5,3,1,44092,3
2003,7,527,8,17,552,100,652,409,6100,188,196,3228,1395,1018,426,2839,2541,324,763,174,4,0,22,278,,2511,9456,1669,729,36,573,,6595,9602,0,48,3,977,1207,,,,2384,,,,,5571,335,117,3,1,1,44673,3
2003,8,500,4,10,514,94,608,399,5834,205,187,3251,1491,1040,349,2880,2520,306,582,164,2,0,18,226,,2592,9290,1590,726,41,534,,6344,9235,1,50,6,900,1165,,,,2378,,,,,5288,384,181,5,4,0,42511,3
2003,9,512,4,16,532,102,634,271,6057,217,182,3184,1504,1202,377,3083,2524,271,571,188,1,1,26,239,,2790,9694,1543,696,34,656,,6738,9667,1,77,4,966,1135,,,,2381,,,,,5825,428,107,4,2,0,44508,3
2003,10,489,1,16,506,132,638,345,6184,210,187,3566,1457,1277,345,3079,2701,363,563,143,0,1,26,242,,2789,9907,1553,689,31,645,,6772,9690,0,121,3,1014,1192,,,,2292,,,,,5704,384,96,6,4,0,45199,3
2003,11,528,3,12,543,75,618,323,6849,232,174,3392,1443,1130,366,2939,2429,327,523,154,2,0,14,233,,2520,9141,1560,758,39,653,,6518,9528,1,88,5,954,1174,,,,2141,,,,,6042,435,104,5,4,0,44024,3
2003,12,553,2,12,567,71,638,325,7656,221,241,3825,1585,1140,303,3028,2669,412,544,183,5,2,20,281,,2721,9865,1488,923,23,608,,6949,9991,1,88,5,844,978,,,,2168,,,,,6347,389,129,2,5,0,45787,3
2004,1,578,4,12,594,77,671,303,6553,246,187,3239,1384,1304,321,3009,2673,292,461,169,1,4,26,229,,2873,9737,1746,808,34,793,,6927,10308,0,95,4,963,1079,,,,2301,,,,,6270,437,144,11,1,0,45289,3
2004,2,540,5,16,561,65,626,317,6459,199,178,3167,1431,1076,404,2911,2292,279,469,163,1,3,17,253,,2678,9066,1581,813,51,719,,6855,10019,1,87,4,841,1041,,,,1984,,,,,5156,396,105,3,6,0,42331,3
2004,3,529,1,17,547,81,628,340,6458,258,185,3218,1529,1392,456,3377,2777,388,545,180,5,0,20,283,,2947,10522,1697,744,47,804,,7365,10657,0,124,4,1047,997,,,,2245,,,,,5887,396,98,5,4,0,47564,3
2004,4,514,1,21,536,68,604,271,6197,239,219,3155,1890,996,454,3340,2894,422,536,150,3,1,18,219,,2342,9925,1716,684,64,714,,6546,9724,1,78,3,998,959,,,,2370,,,,,5443,409,111,4,3,0,44907,3
2004,5,605,5,18,628,103,731,341,6057,195,202,3654,1692,1396,384,3472,3059,480,562,148,5,0,11,226,,1917,9880,1775,673,60,729,,6706,9943,0,126,1,1031,1113,,,,2599,,,,,5443,382,110,6,6,0,46305,3
2004,6,502,1,13,516,75,591,243,5470,216,190,3128,1594,1371,439,3404,2789,419,528,152,1,2,10,253,,1847,9405,1617,763,66,798,,6561,9805,2,110,6,1102,1089,,,,2292,,,,,5028,321,81,3,3,0,44850,3
2004,7,505,2,15,522,69,591,293,5351,195,231,3276,1763,1069,587,3419,2851,367,571,162,4,0,19,242,,1830,9465,1618,775,177,781,,6089,9440,0,55,2,1097,982,,,,2299,,,,,4979,365,105,3,7,0,45077,3
2004,8,521,6,14,541,90,631,332,6196,276,239,3341,1946,799,569,3314,2494,305,455,133,1,0,15,219,,1531,8467,1554,751,226,899,,6205,9635,0,77,1,1070,1090,,,,2136,,,,,5414,353,120,4,2,0,47004,3
2004,9,507,2,21,530,86,616,293,6612,282,238,3480,2059,475,711,3245,2610,352,546,122,2,0,5,165,,1154,8201,1493,702,298,878,,5976,9347,1,68,1,980,944,,,,2069,,,,,5465,382,104,3,0,0,46447,3
2004,10,522,6,13,541,114,655,320,6477,272,209,3397,2268,388,756,3412,2745,408,472,141,6,5,9,195,,1252,8645,1608,786,270,848,,6135,9647,1,86,5,1089,937,,,,2218,,,,,5307,375,86,3,10,0,46514,3
2004,11,570,4,18,592,90,682,285,6235,280,193,3343,2281,437,716,3434,2645,428,518,177,3,2,14,227,,1297,8745,1527,761,318,773,,6531,9910,2,103,5,1141,914,,,,2073,,,,,5366,347,79,3,1,0,46496,3
2004,12,545,2,7,554,65,619,310,6943,259,259,3755,2419,381,699,3499,2579,574,500,163,5,3,30,265,,1227,8845,1517,975,331,843,,6669,10335,2,149,1,1225,862,,,,1936,,,,,5585,396,87,0,7,0,47478,3
2005,1,607,6,19,632,72,704,385,7052,334,220,3342,2424,441,650,3515,2747,402,428,155,1,4,25,166,,1304,8747,1749,991,282,1074,,6784,10880,2,173,5,1196,979,,,,2209,,,,,5920,413,87,2,1,0,47294,3
2005,2,619,4,12,635,59,694,306,5856,260,184,2643,2537,410,614,3561,2610,421,434,147,6,4,19,156,,1345,8703,1521,1107,275,989,,6341,10233,1,191,9,1016,840,,,,2129,,,,,4768,317,84,3,3,1,44168,3
2005,3,682,2,26,710,94,804,345,6749,317,249,3034,2876,553,811,4240,3056,442,464,167,1,11,19,174,,1621,10195,1811,943,340,1291,,6613,10998,0,235,5,1277,1011,,,,2459,,,,,5885,423,86,7,4,1,50182,3
2005,4,526,3,15,544,67,611,340,6751,289,238,3227,2701,589,852,4142,3051,357,438,133,3,2,20,159,,1599,9904,1767,914,348,1188,,6183,10400,0,271,14,1182,967,,,,2566,,,,,5808,393,57,6,3,1,49051,3
2005,5,561,6,19,586,93,679,387,6408,305,273,3175,3026,624,892,4542,2999,359,465,149,1,3,25,164,,1557,10264,1927,1026,386,1228,,6332,10899,1,251,6,1382,987,,,,2578,,,,,5404,384,51,3,1,2,49975,3
2005,6,488,5,17,510,116,626,305,6131,282,246,3061,3018,624,826,4468,2522,397,422,144,2,11,15,149,,1367,9497,1797,1036,352,1197,,6326,10708,0,269,10,1375,973,,,,2172,,,,,5280,339,73,4,1,0,49133,3
2005,7,580,5,22,607,90,697,302,5884,246,271,2960,3041,610,843,4494,2442,351,449,165,2,7,19,128,,1377,9434,1806,994,365,1216,,6111,10492,2,163,30,1413,981,,,,1872,,,,,4872,312,72,2,1,0,46539,3
2005,8,562,6,18,586,119,705,295,6701,296,198,2980,3253,701,783,4737,2457,400,406,185,2,7,18,153,,1427,9792,1715,1087,435,1370,,6824,11431,0,142,4,1485,1073,,,,2025,,,,,5894,372,91,5,1,0,50486,3
2005,9,533,4,12,549,111,660,348,6067,356,225,2879,3049,563,768,4380,2636,341,368,145,0,8,18,127,,812,8835,1723,1010,343,1250,,4962,9288,0,124,5,1365,984,,,,2108,,,,,5010,322,67,3,2,2,47128,3
2005,10,503,4,15,522,105,627,304,7335,331,237,3081,3436,641,771,4848,2777,312,404,139,0,6,11,140,,820,9457,1781,1170,381,1459,,5230,10021,0,126,8,1240,1017,,,,2060,,,,,5713,415,85,4,1,0,50144,3
2005,11,495,9,16,520,95,615,315,6269,267,204,2731,3362,592,779,4733,2781,344,353,150,2,3,13,137,,790,9306,1916,1263,404,1303,,5297,10183,4,124,5,1458,893,,,,2118,,,,,5157,334,76,1,3,0,47712,3
2005,12,464,5,19,488,77,565,274,6746,282,240,3295,3357,565,756,4678,2612,496,391,164,0,6,17,135,,804,9303,1809,1487,428,1402,,5674,10800,0,151,9,1497,1056,,,,2036,,,,,5210,373,82,2,3,2,49604,3
2006,1,480,4,12,496,66,562,285,7247,311,212,3067,3421,560,828,4809,2660,345,338,145,3,8,11,112,,853,9284,1834,1461,372,1640,,5942,11249,0,172,5,1480,1061,516,353,214,2034,1265,334,701,51,6001,436,75,6,1,0,51469,3
2006,2,521,4,20,545,70,615,346,7165,270,181,2486,3347,530,728,4605,2840,386,436,154,5,5,10,102,,931,9474,1808,2059,361,1508,,5674,11410,0,172,2,1337,1009,459,374,193,2043,1382,360,634,41,5595,392,85,6,2,0,49979,3
2006,3,607,6,23,636,92,728,362,6962,281,239,2751,3499,570,769,4838,3087,369,424,148,4,3,22,142,,828,9865,1837,1427,357,1420,,5912,10953,0,168,2,1463,879,350,355,196,2245,1367,395,754,46,5580,381,73,2,4,0,51043,3
2006,4,579,3,30,612,101,713,336,6185,222,213,2763,4009,694,936,5639,3098,371,469,160,3,9,9,151,,986,10895,1892,1414,440,1540,,5809,11095,0,137,0,1276,921,392,337,211,2217,1378,319,638,24,5106,359,52,1,3,0,50239,3
2006,5,548,4,13,565,89,654,357,5527,254,230,2949,4104,808,941,5853,3223,393,473,170,8,5,18,166,,829,11138,1975,1480,521,1827,,5800,11603,1,122,10,1540,994,415,378,225,2320,1320,293,815,110,4950,336,80,8,3,1,51647,3
2006,6,475,7,10,492,102,594,317,5954,278,189,2750,3812,725,892,5429,2740,339,398,135,5,0,11,141,,857,10055,1924,1450,427,1641,,5494,10936,1,92,5,1443,924,389,325,229,2092,1212,299,704,37,5007,349,63,1,2,0,48803,3
2006,7,478,5,15,498,88,586,268,5705,272,232,3071,3898,702,924,5524,2627,341,373,153,6,0,21,182,,797,10024,2041,1633,459,1739,,5918,11790,1,82,7,1586,1038,404,431,224,2198,1261,272,840,31,4850,356,69,4,3,1,50777,3
2006,8,471,6,14,491,124,615,324,6259,263,242,3042,3959,754,884,5597,2662,391,380,161,3,6,21,180,,823,10224,1942,1627,501,1805,,6174,12049,0,107,12,1607,1005,444,386,201,2208,1308,289,899,43,5463,385,62,2,2,0,52511,3
2006,9,521,3,19,543,75,618,329,5890,251,221,3120,3912,692,860,5464,2877,371,362,147,0,7,18,172,,799,10217,1815,1444,501,1631,,5473,10864,1,117,6,1553,939,425,342,189,2173,1331,273,745,34,5075,390,73,7,2,0,49377,3
2006,10,552,2,13,567,87,654,358,6250,277,196,3080,4197,680,906,5783,2939,395,366,151,2,11,15,168,,1429,11259,2000,1503,487,1675,,7197,12862,0,219,4,1735,839,383,286,186,2383,1361,288,671,37,5122,413,69,6,0,0,51934,3
2006,11,527,7,16,550,88,638,307,5847,257,227,3005,4150,642,865,5657,2871,424,412,137,5,7,15,183,,1360,11071,1833,1579,499,1644,,7315,12870,0,254,15,1690,786,310,314,179,2186,1240,296,807,29,4572,366,57,2,1,0,50619,3
2006,12,564,4,23,591,81,672,433,6559,264,247,3236,4032,605,830,5467,2700,441,390,126,2,3,12,164,,1276,10581,1736,1867,534,1813,,7243,13193,2,219,5,1584,692,283,262,159,1974,1173,237,712,26,4479,399,68,4,4,0,50853,3
2007,1,526,7,7,540,117,657,307,6063,313,182,2854,4270,607,839,5716,2843,414,329,131,2,4,17,158,,1344,10958,1964,1856,411,1842,,7398,13471,0,144,2,1860,805,351,310,163,2184,1315,291,770,44,5359,397,88,3,1,0,51514,3
2007,2,486,3,11,500,90,590,301,6345,228,185,2750,4201,537,762,5500,2578,309,316,129,1,6,8,143,,1340,10330,1861,2374,428,1603,,7036,13302,1,81,1,1658,824,413,293,138,2039,1282,273,628,28,5048,375,73,1,2,0,49494,3
2007,3,640,8,22,670,111,781,408,7134,289,233,3235,4861,690,996,6547,3348,506,392,159,5,3,11,172,,1546,12689,1909,1802,509,1550,,7603,13373,0,140,0,1932,886,387,338,179,2338,1333,331,985,38,5978,474,100,11,6,1,56991,3
2007,4,572,3,15,590,131,721,367,6480,249,250,3279,4809,654,875,6338,2785,374,432,164,1,3,13,145,,1272,11527,1713,1757,505,1386,,6848,12209,2,114,4,1659,825,348,323,174,1964,1386,329,789,46,5385,390,73,2,1,0,51559,3
2007,5,466,3,17,486,137,623,365,5377,257,242,3315,5232,686,960,6878,2783,392,432,140,3,2,13,214,,1298,12155,1821,1984,641,1647,,7294,13387,0,68,11,2036,899,333,375,216,2230,1598,344,925,34,4754,342,59,3,5,0,53550,3
2007,6,445,3,17,465,108,573,303,5463,255,242,3499,5080,648,869,6597,2547,376,404,133,2,2,11,191,,1231,11494,1778,1892,608,1372,,6972,12622,0,50,3,1908,837,300,382,171,2022,1431,281,951,51,4788,415,57,3,0,0,51486,3
2007,7,457,3,10,470,81,551,315,5464,238,292,3191,4534,564,784,5882,2288,338,404,131,1,3,11,214,,1167,10439,1689,1892,564,1354,,6856,12355,1,89,4,1943,846,315,402,148,1963,1574,244,949,51,4880,356,50,3,1,0,50595,3
2007,8,524,3,14,541,127,668,377,5614,260,266,3316,5253,640,913,6806,2470,342,387,145,1,4,16,210,,1244,11625,1797,1967,613,1463,,7170,13010,1,92,6,2019,846,303,375,188,2122,1482,297,1071,64,5080,386,43,3,1,2,53477,3
2007,9,447,1,16,464,125,589,338,6336,292,299,3658,5197,698,834,6729,2375,327,354,123,2,3,21,199,,1224,11357,1830,1871,554,1485,,7147,12887,0,93,2,1836,770,282,363,151,2100,1557,277,883,29,5349,397,47,8,0,2,52666,3
2007,10,486,1,23,510,113,623,309,6332,285,258,3480,5476,674,846,6996,2462,324,396,151,3,7,9,214,,1256,11818,1817,2113,606,1566,,7609,13711,0,103,3,2024,862,319,377,192,1884,1499,333,1020,56,5567,395,50,3,1,2,55307,3
2007,11,528,3,17,548,110,658,324,6146,289,200,3230,5229,581,763,6573,2501,383,371,130,2,6,8,190,,1154,11318,1806,1940,582,1402,,7371,13101,0,91,3,1857,847,307,373,191,1827,1523,302,759,56,5109,360,50,0,4,2,51733,3
2007,12,556,6,23,585,80,665,373,7154,267,273,3536,5352,613,810,6775,2510,387,397,131,1,2,16,160,,1333,11712,1683,2379,638,1599,,7423,13722,0,77,3,1766,698,276,285,152,1779,1402,225,827,49,5309,346,76,0,1,0,53312,3
2008,1,538,5,11,554,109,663,308,6256,257,201,2974,5651,684,828,7163,2496,352,376,122,4,7,17,165,,1358,12060,1815,2502,591,1827,,7795,14530,1,113,4,2115,727,271,332,141,2021,1363,265,867,60,5553,416,60,3,1,0,55329,3
2008,2,505,5,21,531,109,640,325,6012,257,183,2943,5483,680,836,6999,2400,238,418,125,1,6,16,156,,1263,11622,1756,2854,605,1769,,7601,14585,0,173,1,1851,737,285,333,138,1732,1451,279,854,48,4901,361,68,1,1,0,52685,3
2008,3,527,2,21,550,140,690,340,6637,330,257,3653,5377,699,919,6995,2401,274,421,129,3,5,19,184,,1156,11587,1844,1935,643,1591,,7505,13518,0,149,5,2180,882,361,381,160,1717,1490,260,990,47,5593,396,67,1,2,0,54890,3
2008,4,475,4,13,492,147,639,325,6017,292,220,3507,5538,630,923,7091,2179,269,381,99,1,6,10,186,,1154,11376,1766,1871,604,1640,,7474,13355,0,132,6,2161,854,367,373,140,1693,1510,268,981,43,5220,392,52,2,2,0,53085,3
2008,5,412,2,22,436,147,583,334,5687,263,250,3609,5703,649,856,7208,2251,302,412,114,5,2,16,197,,1127,11634,1781,2108,677,1807,,7708,14081,1,140,9,2081,848,322,394,149,1851,1532,294,862,32,5181,321,55,2,0,0,53450,3
2008,6,402,4,19,425,105,530,314,5493,309,220,3375,5548,728,771,7047,2100,225,407,118,2,4,18,154,,1190,11265,1779,2026,674,1739,,7609,13827,1,122,2,2012,842,339,393,143,1653,1507,263,844,50,4858,415,49,4,3,1,52578,3
2008,7,413,4,21,438,62,500,286,5634,295,233,3273,5918,696,735,7349,2207,258,400,100,6,2,10,165,,1271,11768,1714,2323,663,1750,,7716,14166,1,142,4,2056,717,292,290,154,1746,1559,276,1092,41,5160,436,45,1,3,0,54643,3
2008,8,430,10,18,458,30,488,333,6085,321,253,3339,5602,717,785,7104,2307,237,379,129,9,5,17,249,,1313,11749,1894,2243,681,1729,,7476,14023,0,121,7,2012,703,279,298,142,1667,1428,263,1062,69,5412,465,43,8,2,0,54629,3
2008,9,435,4,25,464,62,526,332,5873,356,214,3484,5625,798,796,7219,2308,226,394,134,8,3,10,213,,1221,11736,1772,2146,639,1868,,7484,13909,2,134,7,1858,776,328,324,137,1670,1384,294,943,56,5380,463,37,4,2,0,54732,3
2008,10,557,1,24,582,74,656,357,6598,438,233,3739,6186,907,922,8015,2630,278,454,141,1,6,14,189,,1325,13053,1832,2367,676,1956,,7997,14828,0,150,6,1878,797,335,345,133,1885,1645,303,769,43,5893,488,35,2,4,1,59018,3
2008,11,516,2,24,542,81,623,403,6475,356,259,3406,5551,719,781,7051,2231,213,415,135,3,1,11,194,,1152,11406,1893,2096,624,1700,,7458,13771,1,121,4,1750,866,357,361,173,1720,1547,298,766,40,6057,506,48,2,1,1,54772,3
2008,12,507,2,16,525,71,596,398,6707,372,230,3547,5857,707,769,7333,2337,300,437,147,4,4,14,184,,1159,11919,1782,2338,713,1850,,7669,14352,1,206,8,1731,688,248,310,153,1705,1501,261,777,60,5645,436,52,2,1,1,54934,3
2009,1,551,2,13,566,94,660,378,6631,381,189,3167,6145,718,829,7692,2573,212,392,125,5,6,12,159,,1156,12332,1789,2394,630,1990,,7882,14685,0,73,7,1752,830,313,373,162,1883,1683,307,803,34,6033,465,41,1,3,0,56360,3
2009,2,556,4,19,579,75,654,383,6595,322,204,3230,6279,659,788,7726,2367,188,381,136,3,5,12,173,,1254,12245,1691,3241,637,1743,,7416,14728,0,123,6,1644,854,356,358,166,1742,1584,319,793,61,5889,414,50,0,3,2,55116,3
2009,3,588,5,30,623,103,726,444,7183,441,239,3493,6686,782,926,8394,2564,236,465,156,3,3,18,182,,1442,13463,1830,2478,762,1892,,7967,14929,1,128,2,1975,980,352,476,187,1880,1923,323,1108,59,6719,553,50,0,2,1,61430,3
2009,4,542,3,27,572,102,674,423,6705,359,189,3073,6369,711,769,7849,2310,226,450,134,5,6,10,191,,1150,12331,1759,2136,688,1673,,7314,13570,1,118,5,1609,856,308,404,163,1788,1851,357,1038,58,5922,429,39,2,1,2,55492,3
2009,5,522,0,14,536,80,616,386,6565,372,194,3571,6506,799,780,8085,2340,236,418,135,0,12,17,191,,1139,12573,1679,2361,740,1761,,7892,14433,2,112,8,1956,878,293,411,201,1795,1821,326,942,46,5904,401,29,3,3,2,57585,3
2009,6,439,6,11,456,107,563,378,5640,337,206,3241,6277,766,802,7845,1968,221,410,143,6,8,13,178,,1078,11870,1638,2072,691,1795,,7340,13536,0,120,4,1892,827,306,376,165,1737,1652,265,1101,44,5376,451,32,3,4,0,54415,3
2009,7,397,3,18,418,87,505,322,5669,334,165,3440,6063,758,737,7558,1982,206,446,129,4,3,11,186,,1076,11601,1659,2176,757,1804,,7566,13962,2,95,12,2064,873,315,401,171,1613,1644,280,1177,48,5352,450,43,5,1,0,55197,3
2009,8,432,3,12,447,75,522,398,6132,322,203,3402,5557,661,745,6963,1928,228,394,116,5,2,12,154,,1108,10910,1699,2273,695,1753,,7348,13768,0,96,9,1948,985,331,503,184,1533,1932,327,1238,56,5447,392,41,3,0,0,54526,3
2009,9,433,3,18,454,82,536,365,6678,330,203,3534,5354,687,660,6701,1728,217,424,147,3,3,14,151,,903,10291,1619,2242,746,1914,,7506,14027,2,100,6,1918,1052,354,519,207,1515,1826,369,1120,48,5956,442,37,5,2,0,54919,3
2009,10,419,1,21,441,93,534,316,6452,363,175,3584,5247,701,676,6624,1758,187,396,146,3,4,13,149,,923,10203,1680,2438,693,1762,,7155,13728,0,85,7,1812,1005,359,482,194,1466,1804,382,885,38,5947,427,40,4,3,0,53531,3
2009,11,438,4,13,455,76,531,346,7857,230,219,3720,5336,636,625,6597,1688,224,383,145,3,2,8,184,,930,10164,1576,2431,738,1920,,7375,14040,1,95,6,1752,922,308,454,172,1423,1705,325,884,58,6688,455,44,4,0,0,56000,3
2009,12,476,10,25,511,74,585,333,7137,329,187,3772,5247,621,593,6461,1830,269,385,150,2,1,10,152,,1037,10297,1723,2661,761,1796,,7898,14839,2,77,6,1697,928,308,485,156,1538,1724,316,795,29,6009,546,49,0,2,0,55145,3
2010,1,447,6,19,472,77,549,377,7716,345,161,3511,5292,622,568,6482,1945,234,373,123,1,4,10,139,,1036,10347,1683,2618,704,1768,,8077,14850,2,89,5,1716,891,301,466,143,1497,1763,385,695,43,6868,481,69,2,3,3,56534,3
2010,2,473,3,6,482,62,544,329,7201,391,198,3267,5361,546,582,6489,1739,221,348,116,2,1,6,123,,1003,10048,1669,4095,710,1985,,7897,16356,0,65,7,1628,865,286,463,135,1320,1664,326,753,21,6403,473,67,1,1,0,56299,3
2010,3,492,4,17,513,81,594,391,6767,341,186,3661,6036,693,795,7524,2041,229,441,148,2,3,14,145,,1100,11647,1713,2744,871,1954,,8260,15542,2,169,12,2249,933,309,507,140,1584,1861,397,958,45,6618,447,57,3,0,0,59907,3
2010,4,432,2,11,445,102,547,347,6185,337,216,3209,5581,574,716,6871,1784,181,420,113,2,1,6,129,,990,10497,1594,2263,789,1768,,7381,13795,0,140,6,1813,871,274,477,133,1378,1803,395,727,31,6051,437,45,1,0,0,53658,3
2010,5,361,7,11,379,109,488,345,6267,345,208,3674,5749,650,691,7090,1648,215,441,132,2,3,8,147,,963,10649,1670,2639,868,1941,,8052,15170,0,122,5,2215,1038,351,557,151,1438,2031,409,1197,41,5892,403,44,2,1,0,58057,3
2010,6,347,7,12,366,74,440,278,6153,347,185,3462,5083,613,669,6365,1699,212,363,121,1,2,12,124,,896,9795,1585,2510,815,1846,,7508,14264,0,107,11,2032,1006,355,518,154,1399,1675,347,1065,30,5707,402,46,2,0,0,53942,3
2010,7,324,3,12,339,58,397,288,6050,402,206,3636,5143,589,784,6516,1666,209,372,103,1,4,9,141,,860,9881,1557,2416,715,1850,,7614,14152,0,99,7,2096,1044,397,537,123,1452,1718,363,1142,34,6146,439,29,1,3,0,55674,3
2010,8,344,8,12,364,30,394,333,6412,402,178,3889,5166,543,695,6404,1558,184,362,120,1,2,10,161,,832,9634,1628,2384,873,1875,,7611,14371,1,119,14,2094,1071,462,514,126,1414,1916,376,1335,43,6458,436,33,2,0,1,56596,3
2010,9,360,1,21,382,34,416,310,6584,402,211,3673,5200,590,671,6461,1489,211,411,135,5,5,4,150,,847,9718,1408,2451,854,1808,,7340,13861,1,113,5,2035,1080,447,550,114,1263,1733,399,1003,45,6372,472,36,3,2,1,54971,3
2010,10,406,7,16,429,71,500,408,7116,359,219,3832,5266,607,765,6638,1590,170,427,123,1,3,3,153,,924,10032,1545,2381,860,1721,,7579,14086,0,122,5,1946,1220,504,606,135,1219,1924,425,1036,48,6524,494,34,3,0,0,56358,3
2010,11,364,1,7,372,102,474,368,6606,442,182,3291,4925,518,646,6089,1413,266,338,107,1,3,6,138,,801,9162,1318,2333,869,1713,,7237,13470,1,135,7,2150,1391,509,721,187,1271,1993,451,1057,54,6449,462,40,4,2,0,54447,3
2010,12,417,1,12,430,55,485,372,8019,476,250,3740,4544,443,620,5607,1480,287,371,124,3,2,11,171,,834,8890,1382,2991,912,1916,,7658,14859,0,129,4,2079,1135,465,546,147,1333,1905,341,1007,48,6873,527,45,4,3,0,57604,3
2011,1,425,5,9,439,61,500,413,8272,396,179,3923,4771,505,616,5892,1567,231,409,92,4,1,4,138,,865,9203,1423,2822,763,2037,,7969,15014,2,143,14,2025,1068,428,527,136,1375,1858,409,867,42,7403,488,52,1,0,0,57852,3
2011,2,368,2,7,377,39,416,379,7844,416,187,3727,4742,516,588,5846,1490,234,453,81,3,2,8,185,,835,9137,1227,3130,851,2022,,7951,15181,0,144,5,2121,1094,430,521,165,1288,1874,405,853,41,7172,451,47,2,0,0,57840,3
2011,3,381,6,9,396,68,464,395,7143,434,243,3716,5215,515,621,6351,1544,226,401,129,5,0,6,162,,892,9716,1354,4622,860,2215,,8249,17300,0,148,7,2267,1283,519,644,153,1329,2434,501,1197,62,7072,521,37,3,1,2,62560,3
2011,4,403,7,6,416,68,484,387,7100,389,186,3735,4687,495,598,5780,1491,239,414,105,1,2,13,178,,909,9132,1293,2579,852,1933,,8132,14789,1,144,20,2119,1370,561,692,157,1233,2432,552,1141,70,7313,469,60,1,0,0,58691,3
2011,5,368,3,10,381,74,455,353,6423,417,220,3796,4640,496,559,5695,1462,273,408,88,5,0,8,173,,811,8923,1360,2689,939,2054,,8195,15237,0,222,15,2636,1409,521,745,185,1277,2370,556,1176,75,6859,452,46,6,2,0,59364,3
2011,6,307,2,18,327,62,389,272,6396,395,181,3979,4433,445,502,5380,1439,247,372,97,2,1,7,188,,782,8515,1244,2637,886,1847,,7536,14150,0,186,12,2465,1246,500,603,173,1300,1982,447,1291,93,6453,498,42,2,0,0,56247,3
2011,7,331,2,6,339,37,376,326,6682,365,219,3995,4562,482,533,5577,1604,221,393,91,3,0,13,176,,822,8900,1265,2587,897,1725,,7340,13814,1,192,8,2528,1291,498,649,163,1285,2111,442,1355,58,6205,438,40,7,1,0,56198,3
2011,8,371,2,11,384,18,402,352,7067,423,226,4289,4725,458,537,5720,1642,253,354,82,5,1,12,190,,855,9114,1250,2641,920,1790,,7720,14321,0,194,13,2788,1291,545,629,153,1467,2136,462,1838,73,7005,465,38,6,0,0,59713,3
2011,9,323,4,8,335,23,358,333,6486,448,234,3935,4527,407,546,5480,1629,242,343,90,4,3,14,159,,920,8884,1274,2630,954,1623,,7694,14175,1,157,18,2611,1287,489,639,189,1374,2049,486,1515,59,6440,414,35,2,3,0,56593,3
2011,10,318,2,11,331,20,351,345,7036,404,213,3868,4137,397,511,5045,1695,257,394,115,1,1,6,143,,878,8535,1413,2392,922,1603,,7475,13805,2,135,10,2471,1188,503,544,167,1374,2037,438,1404,53,6519,427,36,4,0,1,56597,3
2011,11,339,2,10,351,33,384,329,6524,380,205,3552,4076,372,437,4885,1595,300,355,92,0,1,5,158,,867,8258,1263,2382,831,1592,,7508,13576,3,153,8,2598,1359,536,674,172,1483,2185,539,1521,47,6200,425,38,6,0,0,55043,3
2011,12,345,3,13,361,20,381,358,7736,404,220,4219,4163,303,418,4884,1615,350,356,108,4,1,4,148,,901,8371,1227,2958,805,1526,,8122,14638,0,115,13,2617,1387,612,638,172,1357,2270,533,1482,67,6632,440,48,4,0,2,59577,3
2012,1,329,2,12,343,38,381,412,7490,492,202,3733,4094,362,417,4873,1630,299,384,104,3,2,4,154,,972,8425,1386,3210,857,1607,,8126,15186,0,166,13,2560,1379,586,645,176,1413,2239,497,1302,65,6827,513,44,1,0,1,58558,3
2012,2,395,2,14,411,35,446,538,7849,479,175,3722,4533,379,458,5370,1981,288,457,108,3,2,6,146,,960,9321,1367,5368,869,1880,,8379,17863,1,123,18,2328,1171,507,545,138,1351,2139,477,1239,56,6810,484,55,1,0,0,61283,3
2012,3,394,2,17,413,38,451,369,7540,548,168,4092,4372,407,479,5258,2026,348,479,147,0,2,6,175,,998,9439,1431,2823,929,1667,,8506,15356,1,151,5,2857,1549,638,736,208,1643,2309,564,1617,78,7350,484,54,4,1,0,62187,3
2012,4,342,2,7,351,45,396,387,7361,456,191,3769,4286,372,419,5077,2066,298,440,121,2,1,12,144,,918,9079,1412,2509,867,1549,,8030,14367,1,133,8,2346,1627,732,740,184,1633,2396,569,1358,46,6845,462,46,0,2,1,58264,3
2012,5,346,1,10,357,41,398,375,6916,473,203,3884,4676,410,495,5581,2047,342,456,148,1,2,11,156,,930,9674,1373,2620,1036,1724,,8793,15546,2,205,16,2809,1724,705,842,216,1803,2501,617,1397,47,6820,460,45,6,2,1,62143,3
2012,6,318,4,9,331,19,350,357,6926,485,209,3714,4047,355,424,4826,1743,287,446,102,1,5,5,120,,877,8412,1266,2378,843,1461,,7873,13821,0,243,8,2478,1736,753,823,199,1377,2416,620,1350,32,6574,494,34,5,1,0,57356,3
2012,7,298,5,15,318,49,367,329,7346,540,227,4164,4163,407,377,4947,1688,265,481,98,2,1,8,141,,830,8461,1331,2476,856,1560,,8429,14652,2,196,14,3245,1678,664,815,235,1408,2311,589,1451,43,6900,524,38,2,2,0,61308,3
2012,8,294,1,11,306,44,350,349,7328,515,220,4221,4041,371,345,4757,1751,328,422,100,2,3,7,167,,919,8456,1309,2552,888,1647,,8332,14728,2,140,7,3248,1644,665,813,206,1395,2361,627,1515,53,7025,517,51,1,0,0,60926,3
2012,9,331,0,13,344,15,359,327,7214,540,180,4092,3553,337,348,4238,1754,247,419,104,1,5,11,128,,833,7740,1283,2233,787,1439,,7570,13312,4,108,6,2631,1437,633,670,169,1300,2091,526,1353,51,6838,518,48,5,2,0,56387,3
2012,10,314,0,18,332,31,363,376,7791,561,224,4296,4029,349,350,4728,1762,315,420,89,1,1,10,156,,828,8310,1382,2506,902,1599,,8336,14725,0,135,8,3182,1545,636,737,214,1473,2268,678,1244,46,7365,552,47,2,1,0,62040,3
2012,11,325,2,8,335,38,373,343,6900,490,206,3744,3898,312,362,4572,1728,288,398,96,2,1,4,151,,893,8133,1362,2353,763,1413,,8125,14016,0,127,9,3031,1678,680,818,209,1374,2306,741,1252,55,6369,463,26,2,0,1,56523,3
2012,12,395,3,8,406,26,432,412,8805,496,239,4124,3868,301,367,4536,1889,351,411,104,2,5,8,145,,874,8325,1361,2841,841,1470,,8654,15167,0,110,7,2848,1522,635,733,189,1276,2356,687,1161,46,7515,504,50,1,3,0,61758,3
2013,1,397,2,11,410,29,439,383,6800,514,175,3396,4352,348,405,5105,1946,336,489,125,0,4,8,155,,808,8976,1413,3492,771,1524,,8911,16111,1,166,10,3328,1751,708,863,218,1542,2496,788,1160,59,7026,554,46,2,0,0,61491,3
2013,2,389,4,6,399,29,428,457,8371,512,171,3462,4678,372,421,5471,1909,258,452,118,2,6,9,136,,817,9178,1316,4743,806,1727,,8963,17555,1,138,9,2780,1866,740,896,271,1485,2854,859,1169,50,7171,499,44,4,1,0,64179,3
2013,3,411,1,11,423,38,461,479,7944,508,163,3895,4792,366,462,5620,2256,262,534,139,0,1,14,129,,990,9945,1509,2319,873,1438,,8698,14837,0,152,13,3060,2151,868,1046,275,1620,3168,992,1430,75,7574,560,64,4,1,0,64660,3
2013,4,417,8,10,435,37,472,352,7310,545,146,3775,4934,400,415,5749,2185,290,524,131,4,11,6,196,,978,10074,1414,2406,927,1357,,8471,14575,0,140,2,3316,2096,833,1060,250,1769,3112,999,1462,62,6877,577,38,1,1,0,63662,3
2013,5,430,2,8,440,41,481,396,7301,482,175,3600,5194,467,550,6211,2139,307,661,131,2,2,16,198,,1028,10695,1429,2476,923,1415,,8395,14638,0,125,2,3217,2041,812,1031,246,1728,3084,887,1561,68,6960,499,48,4,1,1,64934,3
2013,6,362,4,16,382,26,408,378,7346,483,195,3988,4720,497,494,5711,2242,229,641,110,3,3,15,178,,948,10080,1432,2601,870,1422,,8135,14460,0,161,11,3034,1815,708,950,191,1646,3207,907,1506,44,6810,513,35,5,1,0,62910,3
2013,7,302,1,11,314,36,350,317,6700,480,176,3941,4964,470,523,5957,2242,256,625,141,3,3,11,161,,989,10388,1501,3256,947,1545,,8837,16086,0,174,13,3114,1794,663,968,206,1861,2860,975,1731,47,6307,368,36,5,1,2,64980,3
2013,8,407,3,17,427,27,454,344,6706,457,217,4304,5333,535,627,6495,2525,290,610,127,1,3,8,159,,1044,11262,1549,2653,934,1445,,8099,14680,0,172,18,3241,1922,753,985,219,1904,2851,866,1621,57,6659,405,30,4,3,0,65047,3
2013,9,378,4,16,398,41,439,449,7150,509,245,4313,5098,572,632,6302,2382,282,588,105,2,7,14,156,,951,10789,1578,2885,886,1913,,8562,15824,0,169,13,2857,1973,801,966,240,1950,2942,1052,1445,72,6866,424,34,4,3,0,65831,3
2013,10,377,3,12,392,38,430,441,7508,520,184,4142,5531,529,579,6639,2639,295,546,120,1,4,8,169,,1101,11522,1588,2659,934,1497,,8718,15396,0,168,5,3139,2141,937,999,262,2077,3099,1091,1674,52,7117,497,41,5,2,1,68030,3
2013,11,414,2,13,429,31,460,420,7278,467,189,4116,5355,473,542,6370,2644,309,609,127,2,4,12,142,,1101,11320,1441,2514,839,1372,,7921,14087,1,152,14,2645,1836,759,903,221,1906,2838,969,1662,36,6870,443,45,4,2,0,63796,3
2013,12,461,5,17,483,43,526,532,8207,408,195,4184,5667,436,523,6626,2893,420,661,117,1,2,11,122,,1108,11961,1498,2687,902,1290,,8189,14566,0,151,7,2678,1841,727,933,216,1867,2763,973,1131,37,7452,483,41,6,0,0,65609,3
2014,1,464,3,15,482,50,532,557,9050,555,194,4064,6625,473,662,7760,3206,489,774,126,6,4,9,121,0,1275,13770,1638,3268,938,1538,0,9880,17262,0,178,31,3017,2356,1160,1012,219,2342,3095,1091,1494,47,9034,628,66,3,0,0,75403,3
2014,2,482,5,16,503,56,559,543,8093,555,166,3787,6555,461,621,7637,3025,418,728,140,4,5,14,123,0,1167,13261,1484,3274,940,1349,0,8809,15856,0,154,18,2873,2126,904,1021,234,2167,3095,1114,1289,58,8049,520,63,3,1,0,69434,3
2014,3,510,5,10,525,46,571,544,8357,479,214,3938,7014,555,639,8208,2947,401,773,125,2,4,16,94,0,1141,13711,1640,4564,974,1577,0,9248,18003,1,175,17,2745,2046,871,1002,228,2355,3154,1077,1533,60,8154,563,59,2,5,0,72915,3
2014,4,449,1,17,467,37,504,559,7484,469,194,3638,6777,554,657,7988,3073,371,758,120,3,5,9,142,0,1239,13708,1498,2612,939,1124,0,8229,14402,0,129,14,2700,2161,885,1077,250,2426,3105,1001,1700,73,7440,532,41,3,1,0,67358,3
2014,5,444,3,8,455,53,508,505,6249,442,161,3941,7033,573,571,8177,3073,520,728,139,1,4,9,111,0,1168,13930,1510,2576,876,1153,0,8116,14231,0,163,17,2864,2086,900,975,251,2495,2884,817,1929,67,6689,451,32,3,2,0,66175,3
2014,6,377,1,18,396,45,441,503,7229,429,185,3831,6716,616,565,7897,2635,386,649,104,0,2,6,88,0,1046,12813,1391,2952,782,1198,0,8738,15061,0,134,13,2793,2040,923,912,235,2003,2704,735,1511,59,6843,447,25,3,2,0,65397,3
2014,7,370,4,14,388,57,445,439,6070,442,156,3573,7196,647,592,8435,2479,442,650,95,2,1,14,136,0,1110,13364,1456,3248,1023,1287,0,9338,16352,0,125,6,3146,2220,966,1013,286,2105,2741,798,2109,83,6376,429,38,2,2,0,67615,3
2014,8,373,4,9,386,45,431,419,6250,450,185,3964,6715,748,505,7968,2411,448,546,104,3,2,5,110,0,916,12513,1493,2364,970,1184,0,7670,13681,0,139,7,2871,2436,1113,1077,289,1995,2846,913,1674,52,6609,493,38,3,2,0,65097,3
2014,9,345,4,7,356,49,405,528,6884,482,153,4112,6478,759,533,7770,2270,481,512,76,1,6,2,114,0,885,12117,1341,2566,945,1302,0,7828,13982,0,152,9,3000,2480,1134,1122,280,1951,2862,942,2314,77,7125,510,55,2,1,0,67511,3
2014,10,375,3,11,389,45,434,542,7247,474,163,4014,6741,793,649,8183,2289,545,499,82,4,4,6,120,0,1095,12827,1429,2606,991,1310,0,8199,14535,0,184,8,3298,2344,1056,1118,215,1860,2900,1030,1651,61,7224,524,41,4,1,0,68540,3
2014,11,345,2,11,358,63,421,582,7044,472,156,3821,6248,820,609,7677,2413,602,524,97,2,2,6,117,0,1081,12521,1377,2660,894,1252,0,8024,14207,0,149,6,2824,2414,1112,1088,272,1671,2742,872,1685,76,6837,558,48,4,1,0,65986,3
2014,12,408,6,16,430,38,468,645,7604,427,153,3916,6363,759,711,7833,2830,787,601,97,0,5,4,139,0,1164,13460,1426,2834,872,1259,0,8377,14768,0,125,22,2639,2224,1039,1011,217,1857,2688,799,1290,58,7019,546,39,1,0,0,67296,3
2015,1,439,1,11,451,65,516,618,7747,485,166,3522,6928,915,702,8545,2874,735,666,105,2,4,3,110,0,1323,14367,1593,3396,832,1451,0,9082,16354,1,143,9,3171,2492,1101,1198,232,2328,2905,934,1496,58,7272,577,54,2,3,0,71617,3
2015,2,326,8,10,344,83,427,479,6757,346,134,2966,6421,906,499,7826,2494,507,562,78,3,4,10,136,0,1253,12873,1334,4975,776,1854,0,8365,17304,0,124,14,2378,2334,1048,1078,246,1969,2809,903,1431,57,6135,500,43,2,1,0,65058,3
2015,3,382,1,15,398,54,452,545,6795,439,144,3600,6145,904,586,7635,2861,548,609,106,2,3,13,165,0,1277,13219,1521,3368,988,1534,0,8311,15722,0,186,17,3266,2514,1068,1249,240,2310,3425,1010,1759,87,7088,593,55,13,3,0,69267,3
2015,4,339,4,21,364,59,423,490,6293,420,142,3358,5551,890,636,7077,2690,481,526,87,5,5,12,124,0,1140,12147,1321,2991,929,1383,0,7520,14144,1,154,13,2657,2252,894,1159,250,1968,3083,931,1958,57,6259,504,38,1,2,0,63077,3
2015,5,347,2,8,357,44,401,482,5844,354,159,3322,5416,916,643,6975,2451,559,525,83,3,1,5,147,0,1216,11965,1432,3256,951,1436,0,7759,14834,1,206,7,3019,2256,917,1177,206,2031,3094,806,1878,57,5992,520,44,4,4,1,64230,3
2015,6,272,2,16,290,44,334,477,5535,389,140,3369,4421,896,619,5936,2254,566,465,96,3,1,5,106,3,1243,10678,1333,2974,968,1514,5,7475,14269,0,192,10,2940,2134,845,1134,204,1768,3128,798,1676,57,5678,493,52,4,1,1,60357,3
2015,7,306,2,9,317,61,378,484,5711,427,146,3399,4844,964,602,6410,2425,542,595,96,1,3,8,98,24,1167,11369,1381,2856,852,1488,220,7484,14281,0,183,11,3146,2543,1122,1230,231,1905,3028,842,1802,83,5917,498,38,2,2,0,63135,3
2015,8,336,2,11,349,49,398,467,6268,436,154,3603,4825,1109,628,6562,2322,486,530,100,0,2,5,93,17,1173,11290,1390,2840,860,1632,170,7255,14147,0,191,10,2970,2461,1032,1273,201,1837,3136,885,1781,71,5993,487,45,1,0,0,63173,3
2015,9,351,0,6,357,58,415,598,6165,388,141,3304,4760,1195,793,6748,2417,536,561,91,2,2,8,125,21,1151,11662,1419,3138,889,2072,187,7776,15481,1,162,6,2760,2267,953,1151,204,1851,2864,872,1671,93,5914,592,48,8,2,0,63327,3
2015,10,380,2,10,392,52,444,410,6531,383,150,3400,5076,1073,719,6868,2500,661,514,109,1,3,3,106,19,1202,11986,1388,2734,896,1738,201,7237,14194,0,156,14,2959,2410,1055,1222,198,1848,2984,883,1724,100,6422,509,34,2,0,0,64029,3
2015,11,340,5,5,350,47,397,479,6774,405,156,3072,5410,1167,651,7228,2611,684,591,115,2,4,4,114,17,1189,12559,1455,2771,845,1552,149,7184,13956,0,193,7,3046,2213,898,1149,211,1925,2932,780,1649,97,6124,552,31,4,2,0,63006,3
2015,12,382,3,11,396,29,425,480,6956,415,152,3456,5640,1103,727,7470,3136,920,612,122,3,1,7,94,17,1436,13818,1377,3049,988,1533,154,8058,15159,0,138,15,3283,2213,1129,941,191,1923,2644,720,1377,77,6138,523,51,5,3,0,67080,3
2016,1,406,2,18,426,53,479,518,6317,407,174,2827,7209,1342,814,9365,3358,732,618,123,2,1,6,79,23,1366,15673,1515,3513,957,1741,147,8039,15912,0,137,5,3042,2249,935,1169,186,2341,2937,950,1372,86,5660,606,49,3,1,0,67980,3
2016,2,404,6,22,432,49,481,497,6570,329,139,2865,7753,1376,813,9942,3056,621,579,114,3,2,4,64,14,1754,16153,1456,4047,829,1804,168,8255,16559,0,118,6,2673,2092,815,1106,212,2103,3076,862,1443,86,5767,481,43,7,0,0,68785,3
2016,3,445,2,18,465,61,526,552,6356,380,111,2929,7455,1448,909,9812,3392,636,599,97,3,10,11,85,17,1532,16194,1409,2466,919,1514,173,7691,14172,0,195,6,3271,2287,843,1282,213,2499,3352,1020,1640,76,6167,501,59,6,4,0,68196,3
2016,4,475,1,15,491,78,569,549,5767,428,140,3056,6774,1456,896,9126,3259,727,575,107,2,2,8,57,13,1635,15511,1438,2074,849,1391,171,7110,13033,1,151,9,2936,2047,712,1171,198,2392,3133,887,1350,98,5317,468,36,1,3,1,63881,3
2016,5,369,4,16,389,84,473,480,5333,371,145,2869,7446,1447,1026,9919,3258,734,599,91,0,2,3,71,15,1729,16421,1541,2259,835,1322,197,7362,13516,0,141,7,3360,2125,765,1196,201,2417,3047,834,1525,95,4999,456,38,7,5,1,65276,3
2016,6,373,5,25,403,75,478,421,4677,368,122,2940,8000,1617,1114,10731,3310,698,517,120,3,3,5,44,19,1662,17112,1454,2212,831,1299,160,6778,12734,0,109,4,3097,1972,781,1055,192,2393,2911,834,1649,109,4981,427,43,1,1,0,64330,3
2016,7,368,8,15,391,74,465,482,5636,394,144,3019,7834,1681,1144,10659,3105,700,631,100,1,8,5,68,17,1539,16833,1300,2117,811,1370,148,7535,13281,2,126,3,3129,2221,925,1128,208,2399,2968,737,1551,124,5178,497,50,1,3,0,66294,3
2016,8,387,4,14,405,74,479,530,5368,390,159,3209,8032,1754,1173,10959,3041,759,642,103,1,2,7,67,13,1623,17217,1241,2509,956,1582,161,9502,15951,0,109,5,3484,2148,952,1045,190,2084,2910,780,1378,120,5239,437,41,1,7,0,69548,3
2016,9,425,3,19,447,88,535,478,5679,431,153,2864,8050,1805,1310,11165,3439,892,668,110,2,4,2,67,21,1693,18063,1281,2078,898,1554,193,7863,13867,1,128,3,3038,2057,869,1045,181,2365,2696,803,1172,90,5489,463,45,3,1,0,67474,3
2016,10,465,7,30,502,87,589,511,6366,412,171,2992,8957,1947,1526,12430,4181,944,645,110,3,3,8,60,18,1823,20225,1367,2058,839,1422,183,7834,13703,5,152,4,3279,1888,820,931,161,2480,2841,792,1099,76,5537,566,44,2,2,0,70271,3
2016,11,461,8,18,487,94,581,528,5705,392,142,2622,8676,1880,1611,12167,4111,1102,663,136,2,9,8,44,8,1971,20221,1394,1943,770,1332,146,7407,12992,1,127,10,2798,1901,718,1038,169,2712,2809,822,1082,95,5197,493,46,2,7,0,66725,3
2016,12,464,6,29,499,108,607,509,6249,403,183,2758,7632,1796,1395,10823,4186,1329,552,107,2,5,5,71,13,2065,19158,1363,1999,758,1243,166,7989,13518,2,120,7,2805,2029,824,1090,153,2505,3065,780,1070,88,5317,510,47,3,4,0,67282,3
2017,1,479,1,25,505,98,603,549,4700,409,155,1759,5133,1137,828,7098,4206,693,334,81,3,3,1,40,8,1754,14221,1357,1442,469,875,128,5803,10074,0,84,7,1727,1704,524,1066,143,3149,2860,762,944,121,3794,367,45,1,4,0,51390,3
2017,2,503,4,26,533,85,618,452,2521,324,170,848,2260,551,487,3298,4286,452,277,49,0,4,3,11,4,1330,9714,1310,663,167,527,39,3089,5795,0,49,8,717,1266,372,808,120,2307,2396,535,882,82,1409,236,39,1,1,0,31231,3
2017,3,498,6,28,532,123,655,449,3897,421,175,1396,6109,1937,1306,9352,5002,781,527,98,3,7,4,32,26,3661,19493,1428,1536,472,1346,158,8680,13620,3,131,1,1996,1706,488,1090,151,2932,3062,811,1425,93,3058,350,33,1,1,0,60412,3
2017,4,436,1,22,459,80,539,538,5659,363,184,2379,8543,2520,1591,12654,4891,1032,652,127,1,6,7,60,14,3484,22928,1289,1575,573,1281,204,7789,12711,4,132,7,2616,1814,620,1058,169,3481,2960,696,1354,114,4596,361,27,2,7,0,67962,3
2017,5,425,1,20,446,97,543,504,5190,419,188,2755,9669,2548,1616,13833,4596,1240,669,124,1,12,7,53,13,2655,23203,1302,1866,813,1410,243,8359,13993,1,156,17,3059,1862,610,1114,182,3522,2982,639,1443,128,4650,379,18,4,1,0,71895,3
2017,6,390,2,18,410,97,507,475,5010,394,172,2611,8534,2336,1379,12249,4551,982,619,129,2,6,3,67,13,2544,21165,1383,1655,701,1435,151,7361,12686,0,159,15,2782,1864,620,1088,191,3227,2718,606,1635,121,4576,406,23,2,1,1,67336,3
2017,7,374,1,23,398,63,461,421,5052,371,186,2618,8567,2468,1552,12587,4951,908,636,105,3,3,8,59,19,2569,21848,1206,1634,720,1418,168,7329,12475,0,128,11,2836,1791,719,956,155,3476,2722,601,1594,193,4524,404,23,1,5,0,67937,3
2017,8,397,4,16,417,70,487,528,5230,433,178,2576,8815,2417,1628,12860,4613,843,649,111,2,1,6,79,4,2638,21806,1318,1754,757,1340,183,7768,13120,0,145,11,2988,1887,725,1016,182,3494,2833,623,1818,222,4701,420,42,5,2,1,70380,3
2017,9,458,2,12,472,106,578,479,5643,457,176,2607,7683,2215,1273,11171,4316,677,535,109,0,3,3,82,14,2555,19465,1281,1874,782,1756,183,7799,13675,0,137,6,2729,1852,723,1009,163,2958,2897,721,1578,175,4806,429,30,2,1,2,67396,3
2017,10,486,7,17,510,98,608,550,6132,503,181,2538,7450,2243,1194,10887,4266,901,625,104,1,3,5,63,14,2570,19439,1321,1578,750,1536,147,7710,13042,0,118,7,2960,1887,734,1007,174,3184,2754,555,1516,150,5359,470,38,3,1,0,68003,3
2017,11,455,6,16,477,125,602,547,5506,473,155,2330,6835,2032,1268,10135,4197,937,576,111,3,5,6,68,7,2698,18743,1300,1781,682,1462,160,6754,12139,0,125,10,2669,1894,720,1034,163,3056,2658,535,1369,145,4777,409,34,2,3,0,63950,3
2017,12,445,4,14,463,85,548,509,6015,385,192,2455,6395,1976,1151,9522,4491,1153,501,110,3,7,3,76,10,2536,18412,1213,1805,655,1241,160,6886,11960,0,93,11,2393,1785,727,927,178,2844,2513,461,1342,123,4785,400,25,1,4,0,62715,3
2018,1,468,6,23,497,157,654,607,5575,409,164,2093,7810,2044,1070,10924,5286,977,596,108,3,10,4,68,17,2935,20928,1264,2263,675,1425,139,7420,13186,0,123,12,2815,1793,626,1024,175,3695,2788,567,1000,149,4834,453,44,1,5,1,67683,3
2018,2,441,5,21,467,102,569,494,5087,446,129,1793,7268,2154,1011,10433,4792,742,552,113,1,5,1,65,4,2976,19684,1159,2327,548,1578,116,6691,12419,0,107,12,2137,1588,572,913,132,3292,2505,503,1206,151,4261,334,41,0,2,0,61383,3
2018,3,508,6,20,534,109,643,553,5473,452,171,2308,7638,2183,1385,11206,5358,918,638,115,2,5,9,52,8,2729,21040,1249,1623,743,1224,150,6557,11546,0,136,4,2654,1744,673,950,152,3450,2795,577,1347,109,4962,428,33,1,4,0,66035,3
2018,4,476,2,14,492,101,593,491,5299,428,176,2410,7596,2101,1352,11049,4656,892,665,104,1,5,8,67,13,2517,19977,1346,1596,748,1146,149,6522,11507,0,101,17,2659,1857,718,992,172,3444,2937,581,1297,147,4706,370,26,0,1,0,64527,3
2018,5,423,2,13,438,145,583,535,5157,452,158,2354,8034,2294,1501,11829,4382,752,631,105,2,7,7,94,14,2783,20606,1361,1610,783,1173,181,7008,12116,0,145,7,3159,1966,691,1119,184,3148,3071,582,1430,210,4669,373,45,5,3,0,66922,3
2018,6,375,6,11,392,155,547,571,4983,440,195,2175,7735,2247,1346,11328,4014,755,525,111,1,7,4,80,16,2654,19495,1278,1467,690,1229,156,6401,11221,0,133,11,2885,1809,610,1066,167,2422,2911,578,1268,228,4423,413,30,2,1,1,62142,3
2018,7,410,6,9,425,130,555,546,5223,419,153,2361,7488,2196,1312,10996,3518,731,503,94,1,1,6,58,12,2321,18241,1294,1653,649,1366,137,6580,11679,2,127,8,3226,1880,662,1082,170,2478,2741,607,1387,190,4587,387,26,6,3,1,62689,3
2018,8,360,6,13,379,176,555,535,4655,433,157,2267,7261,2170,1400,10831,3910,673,535,109,2,2,4,62,12,2620,18760,1398,1553,733,1302,162,6944,12092,0,149,12,3615,1994,694,1141,201,3368,3050,587,1727,260,4532,377,24,4,2,0,65797,3
2018,9,382,7,14,403,108,511,509,5344,489,157,2504,6756,2182,1275,10213,4053,578,463,103,1,1,9,160,16,2385,17982,1339,1419,655,1173,161,6686,11433,0,146,5,2809,1959,747,1062,183,2625,2798,470,1633,190,4666,386,17,1,4,0,62376,3
2018,10,383,2,11,396,127,523,491,5472,488,153,2382,7360,2477,1441,11278,4242,651,454,95,1,8,9,83,18,2308,19147,1428,1597,735,1368,206,7036,12370,0,143,8,2959,1735,666,939,165,3176,2727,515,1105,171,4877,427,16,2,1,1,65589,3
2018,11,378,3,12,393,136,529,463,5277,424,153,2283,7017,2346,1384,10747,4074,725,441,84,5,3,6,79,16,2363,18543,1325,1560,737,1357,176,6963,12118,1,121,4,2879,1716,664,931,160,2848,2754,489,1233,259,4657,410,24,2,1,0,63281,3
2018,12,346,5,13,364,88,452,447,5737,430,191,2590,6459,2144,1183,9786,3812,788,434,108,1,4,16,73,13,2168,17203,1353,1772,620,1377,168,6893,12183,1,123,7,2696,1585,640,815,165,2502,2471,490,1147,217,4835,422,24,3,1,0,62043,3
2019,1,386,2,15,403,159,562,577,6423,459,157,2334,7454,2414,1328,11196,3785,740,431,116,2,7,6,88,19,2365,18755,1415,2058,720,1581,168,7992,13934,0,129,6,3125,2021,792,1077,201,2810,2915,540,1266,236,5902,447,31,4,2,0,69609,3
2019,2,323,5,8,336,145,481,450,5210,440,157,2045,7000,2111,1356,10467,3554,645,411,116,4,1,14,60,14,2124,17410,1344,1889,685,1613,158,7315,13004,0,144,7,3089,2090,798,1126,202,2556,3072,559,1392,235,4904,351,37,4,4,0,64967,3
2019,3,344,5,11,360,132,492,590,5902,469,160,2157,7734,2626,1532,11892,3775,638,497,95,1,4,5,88,16,2547,19558,1364,2757,634,1889,202,8549,15395,0,159,6,3004,1941,740,1053,181,2470,3026,618,1392,306,5571,407,29,2,2,0,72100,3
2019,4,360,1,11,372,124,496,466,5573,483,172,2182,7031,2424,1585,11040,3755,667,502,124,2,4,10,82,23,2245,18454,1244,1519,607,1318,211,7633,12532,0,151,11,3260,1909,745,1021,187,2624,3128,497,1648,350,5310,408,22,3,1,0,67797,3
2019,5,345,2,15,362,172,534,478,4958,465,145,2304,7332,2427,1625,11384,3649,710,514,93,1,3,9,87,7,2216,18673,1480,1475,715,1423,220,7711,13024,0,147,7,3498,2034,735,1133,199,2450,3169,527,1771,248,5068,390,20,1,0,0,68336,3
2019,6,332,3,8,343,153,496,436,4769,414,152,2481,6077,2187,1287,9551,3115,599,382,85,1,4,19,83,9,1984,15832,1251,1443,630,1345,189,7224,12082,0,133,6,3029,1854,763,976,158,2041,2848,467,1585,233,4497,403,20,1,3,0,61202,3
2019,7,313,5,13,331,195,526,396,4739,402,150,2323,6636,2226,1208,10070,3197,691,385,72,1,0,12,97,16,2113,16654,1353,1570,746,1391,230,7632,12922,0,135,12,3628,1861,709,996,187,2355,2907,490,1856,267,4678,400,32,7,0,0,65817,3
2019,8,320,1,6,327,173,500,455,4759,460,162,2431,6452,2244,1194,9890,3181,587,432,103,1,1,9,98,17,1796,16115,1361,1568,674,1534,185,7280,12602,0,132,12,3546,1862,668,1067,171,2081,3114,476,2028,265,4662,367,27,8,2,0,65285,3
2019,9,310,6,7,323,154,477,344,4795,482,158,2350,5794,2067,996,8857,2613,467,363,80,0,2,9,80,20,1445,13936,1194,1341,598,1454,211,6839,11637,0,157,7,3344,1773,699,942,157,1903,2781,464,1987,247,4789,399,19,13,4,0,59844,3
2019,10,321,4,4,329,146,475,427,5712,532,186,2368,6301,2207,1111,9619,3028,582,364,95,0,7,9,87,18,1739,15548,1198,1541,701,1892,239,7584,13155,0,152,14,4182,1910,766,1008,168,1813,2937,538,1791,282,5302,425,17,3,3,0,65855,3
2019,11,320,3,14,337,137,474,380,5402,423,191,2255,5442,2025,1103,8570,2979,521,356,63,0,3,8,105,13,1718,14336,1161,1528,630,1483,233,6979,12014,0,115,6,3903,1771,758,876,169,1705,2729,478,1613,221,4949,391,21,3,0,0,60902,3
2019,12,330,8,5,343,124,467,410,5413,421,189,2398,5076,1830,1029,7935,3118,609,368,88,7,1,11,116,17,1773,14043,1230,1564,584,1420,224,7199,12221,2,107,7,3645,1723,831,817,106,2055,2593,402,1132,222,4676,380,23,2,1,0,59808,3
2020,1,358,4,8,370,156,526,448,5369,398,145,1936,6194,2188,1181,9563,3246,577,414,74,1,5,6,99,29,1852,15866,1365,2118,582,1744,278,8562,14649,0,98,9,3950,1720,734,877,140,2128,2857,482,1335,265,4942,400,36,1,2,0,65718,3
2020,2,326,2,10,338,164,502,421,5408,420,153,1890,5692,2065,1298,9055,2925,418,382,61,2,7,4,81,12,1555,14502,1182,2133,568,2270,231,7328,13712,0,103,10,3547,1738,776,877,111,1788,2883,431,1190,243,4643,378,39,2,1,0,62850,3
2020,3,374,2,9,385,115,500,361,4069,367,130,1248,4400,1541,984,6925,2449,365,308,71,0,7,5,93,18,1720,11961,1114,1210,394,1139,180,6752,10789,0,99,16,3086,1469,558,814,128,1526,2543,385,914,180,3243,272,16,0,2,0,49816,3
2020,4,312,5,5,322,179,501,324,2722,241,133,584,2533,984,489,4006,1846,337,169,56,2,4,1,53,13,1406,7893,922,283,105,305,106,4001,5722,0,95,9,2594,1436,428,918,123,1114,2452,410,544,2,2216,178,26,3,1,0,32814,3
2020,5,273,0,6,279,130,409,291,2429,261,130,684,2451,942,420,3813,1586,455,169,46,2,8,2,44,5,1185,7315,904,255,108,356,84,4266,5973,0,85,7,3572,1581,535,935,140,991,2169,314,687,6,2301,181,16,4,0,1,35003,3
2020,6,259,2,2,263,34,297,307,3156,394,143,882,2849,951,580,4380,1743,404,199,38,0,5,8,49,15,1079,7920,954,331,172,371,80,4797,6705,0,93,12,5210,1502,592,818,131,1060,2145,308,763,8,2827,210,20,1,3,0,41912,3
2020,7,257,4,7,268,52,320,377,3934,382,165,1526,3848,1345,846,6039,1817,544,228,77,0,6,16,72,13,1362,10174,1061,582,257,630,103,5852,8485,0,133,13,6058,1844,822,895,160,1207,2612,345,1331,12,3660,238,18,3,1,0,51242,3
2020,8,261,2,12,275,51,326,354,4213,459,162,1702,3481,1252,659,5392,1791,415,243,42,2,5,4,74,15,1190,9173,1107,702,343,746,129,5755,8782,0,118,3,4592,2050,1009,917,172,1283,2915,343,1512,35,4102,275,29,4,0,2,50348,3
2020,9,239,3,7,249,54,303,343,4560,481,171,1675,3567,1319,582,5468,1742,323,294,61,0,4,2,57,27,1146,9124,1065,698,379,823,132,5888,8985,1,105,5,4086,1984,974,890,150,1173,2497,455,1059,37,4094,297,22,1,0,0,48732,3
2020,10,274,2,5,281,145,426,405,4602,452,168,1841,3971,1283,768,6022,1899,358,289,49,0,0,6,51,15,1239,9928,1058,813,431,1005,157,5864,9328,0,105,11,4593,2019,972,910,173,1212,2787,369,993,37,4194,297,24,4,2,0,50772,2
2020,11,324,2,8,334,80,414,400,4620,467,173,1780,3763,1301,707,5771,2083,331,273,71,1,2,7,64,12,1294,9909,1052,837,395,1017,148,5402,8851,1,107,7,3723,1738,803,820,147,1273,2629,381,642,37,4055,316,19,3,1,1,47940,2
2020,12,279,2,8,289,79,368,322,4672,424,186,1656,3544,1273,715,5532,2300,459,324,75,0,4,6,68,24,1368,10160,1111,807,318,1018,157,5508,8919,0,112,5,3541,1709,784,827,133,1190,2673,360,906,40,4116,308,20,0,1,1,47842,2
2021,1,361,2,13,376,149,525,479,5325,469,168,1666,4003,1410,1023,6436,2332,363,297,91,0,10,6,70,41,1413,11059,1183,850,355,1100,160,5704,9352,0,114,5,3906,1823,796,909,153,1303,2924,444,808,50,4857,383,35,4,0,0,52352,2
